date,bands,venue,link
2026-10-05,Luv Language Tour With Jeff Bernat,The Fillmore,https://www.ticketmaster.com/luv-language-tour-with-jeff-bernat-philadelphia-pennsylvania-10-05-2026/event/020064BBA7A61A25
2026-10-07,Justin Nozuka,The Fillmore,https://www.ticketmaster.com/justin-nozuka-philadelphia-pennsylvania-10-07-2026/event/020064B6088FB59F
2026-10-07,The Midnight: Time Machines,The Fillmore,https://www.ticketmaster.com/the-midnight-time-machines-philadelphia-pennsylvania-10-07-2026/event/020064AD24B7C6A7
2026-10-07,Bright Eyes / Lullaby For The Working Class,Union Transfer,https://www.axs.com/events/1484028/bright-eyes-tickets
2026-10-08,Video Bingo: Horror Edition,Underground Arts,https://www.tixr.com/groups/undergroundarts/events/underground-arts-video-bingo-horror-edition-204884
2026-10-08,Wiles Martyr w/ Mark Ryan + Rieko Saffiya + Housing,Underground Arts,https://www.tixr.com/groups/undergroundarts/events/underground-arts-wiles-martyr-w-mark-ryan-rieko-saffiya-housing-207225
2026-10-08,Daði Freyr / with BRÍET,Union Transfer,https://www.axs.com/events/1383106/daoi-freyr-tickets
2026-10-09,Basement,The Fillmore,https://www.ticketmaster.com/basement-philadelphia-pennsylvania-10-09-2026/event/0200649ED9066B3E
2026-10-09,Owen Riegling,The Fillmore,https://www.ticketmaster.com/owen-riegling-philadelphia-pennsylvania-10-09-2026/event/02006486F3A9F1E4
2026-10-10,Westside Cowboy,The Fillmore,https://www.ticketmaster.com/westside-cowboy-philadelphia-pennsylvania-10-10-2026/event/02006528CA0FC35F
2026-10-10,Olivia O\'Brien,Underground Arts,https://www.tixr.com/groups/undergroundarts/events/underground-arts-olivia-o-brien-202425
2026-10-10,Revocation,Underground Arts,https://www.tixr.com/groups/undergroundarts/events/underground-arts-revocation-192167
2026-10-10,Knox / Emi Grace,Union Transfer,https://www.axs.com/events/1518076/knox-tickets
2026-10-11,INGRID ANDRESS - NOWHERE ELSE TO GO TOUR,The Fillmore,https://www.ticketmaster.com/ingrid-andress-nowhere-else-to-go-philadelphia-pennsylvania-10-11-2026/event/020064E9BF061EA6
2026-10-11,Jessie Ware: The Superbloom Tour,The Fillmore,https://www.ticketmaster.com/jessie-ware-the-superbloom-tour-philadelphia-pennsylvania-10-11-2026/event/02006478A9BBA60E
2026-10-12,Voivod (**CANCELED!**),Underground Arts,https://www.tixr.com/groups/undergroundarts/events/underground-arts-voivod-canceled--200070
2026-10-12,SUGAR / J. Robbins (Jawbox),Union Transfer,https://www.axs.com/events/1300885/sugar-tickets
2026-10-13,bunii,Underground Arts,https://www.tixr.com/groups/undergroundarts/events/underground-arts-bunii-203784
2026-10-13,SUGAR / J. Robbins (Jawbox),Union Transfer,https://www.axs.com/events/1300887/sugar-tickets
2026-10-14,"Show Me The Body / with Lip Critic, Combust, Truck Violence",Union Transfer,https://www.axs.com/events/1477893/show-me-the-body-tickets
2026-10-15,DJ Mandy,The Fillmore,https://www.ticketmaster.com/dj-mandy-philadelphia-pennsylvania-10-15-2026/event/020064EFD6485E26
2026-10-15,Gilla Band,Underground Arts,https://www.tixr.com/groups/undergroundarts/events/underground-arts-gilla-band-191519
2026-10-15,Benjamin Tod & Lost Dog Street Band / Tommy Prine,Union Transfer,https://www.axs.com/events/1225873/benjamin-tod-lost-dog-street-band-tickets
2026-10-16,The Dillinger Escape Plan,Underground Arts,https://www.tixr.com/groups/undergroundarts/events/underground-arts-the-dillinger-escape-plan-189146
2026-10-16,Rebecca Black / BAYLI,Union Transfer,https://www.axs.com/events/1518680/rebecca-black-tickets
2026-10-17,Sienna Spiro: My House Tour,The Fillmore,https://www.ticketmaster.com/sienna-spiro-my-house-tour-philadelphia-pennsylvania-10-17-2026/event/020064C50521796D
2026-10-17,Sweet Pill,Underground Arts,https://www.tixr.com/groups/undergroundarts/events/underground-arts-sweet-pill-189453
2026-10-17,"Plini / Night Verses, Portraits",Union Transfer,https://www.axs.com/events/1471679/plini-tickets
2026-10-18,Alana Springsteen - I Hope This Helps Tour,The Fillmore,https://www.ticketmaster.com/alana-springsteen-i-hope-this-helps-philadelphia-pennsylvania-10-18-2026/event/0200649CD6AAFC47
2026-10-18,Marietta,Underground Arts,https://www.tixr.com/groups/undergroundarts/events/underground-arts-marietta-189899
2026-10-19,Katt Williams On Book Tour! ,The Fillmore,https://www.ticketmaster.com/katt-williams-on-book-tour-philadelphia-pennsylvania-10-19-2026/event/02006515D17D9098
2026-10-19,Chasing Abbey,Underground Arts,https://www.tixr.com/groups/undergroundarts/events/underground-arts-chasing-abbey-180849
2026-10-19,Mike D 5D,Union Transfer,https://www.axs.com/events/1527324/mike-d-5d-tickets
2026-10-20,JPEGMAFIA: the Experimental Rap Tour,The Fillmore,https://www.ticketmaster.com/jpegmafia-the-experimental-rap-tour-philadelphia-pennsylvania-10-20-2026/event/0200648AA8B3AF21
2026-10-20,The Snuts,The Fillmore,https://www.ticketmaster.com/the-snuts-philadelphia-pennsylvania-10-20-2026/event/020064D2F3FBF363
2026-10-21,"Quadeca / Derby,  Olēka",Union Transfer,https://www.axs.com/events/1557024/quadeca-tickets
2026-10-22,Periphery - A Pale White Dot US Tour,The Fillmore,https://www.ticketmaster.com/periphery-a-pale-white-dot-us-philadelphia-pennsylvania-10-22-2026/event/020064B38A8C5992
2026-10-22,Red Leather - Tahoe Tour,The Fillmore,https://www.ticketmaster.com/red-leather-tahoe-tour-philadelphia-pennsylvania-10-22-2026/event/0200646CBC9DBF99
2026-10-22,Waylon Wyatt / Noah James,Union Transfer,https://www.axs.com/events/1445938/waylon-wyatt-tickets
2026-10-23,horsegiirL - NATURE IS HEALING TOUR,The Fillmore,https://www.ticketmaster.com/horsegiirl-nature-is-healing-tour-philadelphia-pennsylvania-10-23-2026/event/0200649B3EF6DD91
2026-10-23,"ivri - The ""Evidence of You"" Tour",The Fillmore,https://www.ticketmaster.com/ivri-the-evidence-of-you-tour-philadelphia-pennsylvania-10-23-2026/event/020064CDF75FCF76
2026-10-24,Cavetown - Running With Scissors Tour,The Fillmore,https://www.ticketmaster.com/cavetown-running-with-scissors-tour-philadelphia-pennsylvania-10-24-2026/event/0200647FD726DCB3
2026-10-24,WXPN Welcomes: Friko - Something Worth Waiting For: The Tour,The Fillmore,https://www.ticketmaster.com/wxpn-welcomes-friko-something-worth-waiting-philadelphia-pennsylvania-10-24-2026/event/02006477AE7B9819
2026-10-24,Party Girl Halloween - A Night of Party Girl Anthems,Underground Arts,https://www.tixr.com/groups/undergroundarts/events/underground-arts-party-girl-halloween-a-night-of-party-girl-anthems-205701
2026-10-24,"The Damned / Flamin' Groovies, The Courettes",Union Transfer,https://www.axs.com/events/1413554/the-damned-tickets
2026-10-25,Maddie Zahm - Everything All The Time Tour ,The Fillmore,https://www.ticketmaster.com/maddie-zahm-everything-all-the-time-philadelphia-pennsylvania-10-25-2026/event/020064C2B7D0F4B3
2026-10-25,Pancakes &amp; Booze: Underground Art Show,Underground Arts,https://www.tixr.com/groups/undergroundarts/events/underground-arts-pancakes-booze-underground-art-show-206111
2026-10-25,Sophie Truax * Canceled *,Underground Arts,https://www.tixr.com/groups/undergroundarts/events/underground-arts-sophie-truax-canceled--197441
2026-10-25,Osees ft. Brigid Dawson / Traps PS,Union Transfer,https://www.axs.com/events/1239136/osees-ft-brigid-dawson-tickets
2026-10-26,After,The Fillmore,https://www.ticketmaster.com/after-philadelphia-pennsylvania-10-26-2026/event/020064EF935592AB
2026-10-26,Luke Severeid,Underground Arts,https://www.tixr.com/groups/undergroundarts/events/underground-arts-luke-severeid-199336
2026-10-27,Sueco,The Fillmore,https://www.ticketmaster.com/sueco-philadelphia-pennsylvania-10-27-2026/event/020064E9FFD5F060
2026-10-27,Prayers,Underground Arts,https://www.tixr.com/groups/undergroundarts/events/underground-arts-prayers-201974
2026-10-27,Bassvictim / Thoom,Union Transfer,https://www.axs.com/events/1519888/bassvictim-tickets
2026-10-28,High On Fire,Underground Arts,https://www.tixr.com/groups/undergroundarts/events/underground-arts-high-on-fire-207051
2026-10-28,Jukebox the Ghost / Extremely Accurate Birds,Union Transfer,https://www.axs.com/events/1441084/jukebox-the-ghost-tickets
2026-10-29,"The Army, The Navy",The Fillmore,https://www.ticketmaster.com/the-army-the-navy-philadelphia-pennsylvania-10-29-2026/event/020064CBBDE2F900
2026-10-29,"SPEED / E-Town Concrete, Division Of Mind, No Idols, Suicide Eyes",Union Transfer,https://www.axs.com/events/1586307/speed-tickets
2026-10-30,Blake Whiten,The Fillmore,https://www.ticketmaster.com/blake-whiten-philadelphia-pennsylvania-10-30-2026/event/0200649D971CB0E9
2026-10-30,Yebba: Jean Tour,The Fillmore,https://www.ticketmaster.com/yebba-jean-tour-philadelphia-pennsylvania-10-30-2026/event/0200651302F23470
2026-10-30,SAZÓN: SOY EMO ft. Planta Industrial,Underground Arts,https://www.tixr.com/groups/undergroundarts/events/underground-arts-saz-n-soy-emo-ft-planta-industrial-207596
2026-10-30,Holywatr / with Mercury,Union Transfer,https://www.axs.com/events/1598781/holywatr-tickets
2026-10-31,Porch Light - Hush Tour,The Fillmore,https://www.ticketmaster.com/porch-light-hush-tour-philadelphia-pennsylvania-10-31-2026/event/020064E7B4DCC6CB
2026-10-31,Third Eye Blind - Halloween 2026,The Fillmore,https://www.ticketmaster.com/third-eye-blind-halloween-2026-philadelphia-pennsylvania-10-31-2026/event/02006506F2256994
2026-10-31,SUPERNATURAL DANCE PARTY,Underground Arts,https://www.tixr.com/groups/undergroundarts/events/underground-arts-supernatural-dance-party-203023
2026-11-01,Ethan Regan - Young Regan Tour,The Fillmore,https://www.ticketmaster.com/ethan-regan-young-regan-tour-philadelphia-pennsylvania-11-01-2026/event/020064BAE8404E54
2026-11-01,Bad Luck 13 Riot Extravaganza,Underground Arts,https://www.tixr.com/groups/undergroundarts/events/underground-arts-bad-luck-13-riot-extravaganza-208373
2026-11-01,Dracula\'s Ball ft. Lords of Acid,Underground Arts,https://www.tixr.com/groups/undergroundarts/events/underground-arts-dracula-s-ball-ft-lords-of-acid-191062
2026-11-01,"Judah & The Lion / w/ Breakfield, Band of Silver",Union Transfer,https://www.axs.com/events/1485554/judah-the-lion-tickets
2026-11-02,CHIEF KEEF,The Fillmore,https://www.ticketmaster.com/chief-keef-philadelphia-pennsylvania-11-02-2026/event/020064DEDF017775
2026-11-02,Pretty Sick,The Fillmore,https://www.ticketmaster.com/pretty-sick-philadelphia-pennsylvania-11-02-2026/event/0200650406FA85D1
2026-11-03,HARBOUR,Underground Arts,https://www.tixr.com/groups/undergroundarts/events/underground-arts-harbour-195379
2026-11-04,Adam Ray: WHO IS ME Tour,The Fillmore,https://www.ticketmaster.com/adam-ray-who-is-me-tour-philadelphia-pennsylvania-11-04-2026/event/02006498B6463931
2026-11-04,Madds Buckley 2026/2027 North American Tour,The Fillmore,https://www.ticketmaster.com/madds-buckley-20262027-north-american-tour-philadelphia-pennsylvania-11-04-2026/event/020064EFB149DD43
2026-11-04,Blu DeTiger,Underground Arts,https://www.tixr.com/groups/undergroundarts/events/underground-arts-blu-detiger-203139
2026-11-04,"Brutalismus 3000 / Dorian Electra , EERA, govlink",Union Transfer,https://www.axs.com/events/1541547/brutalismus-3000-tickets
2026-11-05,RaiNao,The Fillmore,https://www.ticketmaster.com/rainao-philadelphia-pennsylvania-11-05-2026/event/02006503A26084AC
2026-11-05,Watch What Crappens: In The Mix Tour,The Fillmore,https://www.ticketmaster.com/watch-what-crappens-in-the-mix-philadelphia-pennsylvania-11-05-2026/event/02006523E80BA4D2
2026-11-05,Fruit Bats / Sarah Klang,Union Transfer,https://www.axs.com/events/1380726/fruit-bats-tickets
2026-11-06,Sleeping With Sirens: An Ending In Itself Tour,The Fillmore,https://www.ticketmaster.com/sleeping-with-sirens-an-ending-in-philadelphia-pennsylvania-11-06-2026/event/020064CB97B5A882
2026-11-06,Makaya McCraven,Underground Arts,https://www.tixr.com/groups/undergroundarts/events/underground-arts-makaya-mccraven-201335
2026-11-06,VOILÀ Presents: Moonbloom,Union Transfer,https://www.axs.com/events/1467435/voila-presents-moonbloom-tickets
2026-11-07,Dual Pathways,Underground Arts,https://www.tixr.com/groups/undergroundarts/events/underground-arts-dual-pathways-209417
2026-11-07,Left It In The River Tour with Jamie MacDonald / Joe L Barnes,Union Transfer,https://www.axs.com/events/1479540/left-it-in-the-river-tour-with-jamie-macdonald-tickets
2026-11-08,Carsie Blanton,Underground Arts,https://www.tixr.com/groups/undergroundarts/events/underground-arts-carsie-blanton-176893
2026-11-08,George Clanton / Ryan Hemsworth,Union Transfer,https://www.axs.com/events/1541143/george-clanton-tickets
2026-11-09,Deerhoof,Underground Arts,https://www.tixr.com/groups/undergroundarts/events/underground-arts-deerhoof-197658
2026-11-10,The Blasting Company,Union Transfer,https://www.axs.com/events/1496399/the-blasting-company-tickets
2026-11-11,ADULT. + A Place To Bury Strangers,Underground Arts,https://www.tixr.com/groups/undergroundarts/events/underground-arts-adult-a-place-to-bury-strangers-190596
2026-11-11,"Chat Pile / Soul Glo, Shallowater, Skullpresser",Union Transfer,https://www.axs.com/events/1479534/chat-pile-tickets
2026-11-12,Headache,Underground Arts,https://www.tixr.com/groups/undergroundarts/events/underground-arts-headache-190589
2026-11-12,Slow Pulp / Her New Knife,Union Transfer,https://www.axs.com/events/1438480/slow-pulp-tickets
2026-11-13,Dilly Dally Fest 4,Underground Arts,https://www.tixr.com/groups/undergroundarts/events/underground-arts-dilly-dally-fest-4-198983
2026-11-13,The Wldlfe,Underground Arts,https://www.tixr.com/groups/undergroundarts/events/underground-arts-the-wldlfe-194075
2026-11-13,Ax and the Hatchetmen / Tipling Rock,Union Transfer,https://www.axs.com/events/1449347/ax-and-the-hatchetmen-tickets
2026-11-14,Giant Rooks,Union Transfer,https://www.axs.com/events/1434660/giant-rooks-tickets
2026-11-15,"Dilly Dally Fest 4 / Pianos Become the Teeth, Dead Calm, April's Love Affair, Dead Butterflies, Flowers Taped To Pens, departmefrombearisland, Told Not To Worry, Rosemary Nods Upon The Grave",Union Transfer,https://www.axs.com/events/1521761/dilly-dally-fest-4-tickets
2026-11-16,Donny Benét,Underground Arts,https://www.tixr.com/groups/undergroundarts/events/underground-arts-donny-ben-t-185089
2026-11-16,Die Spitz / Faetooth,Union Transfer,https://www.axs.com/events/1343297/die-spitz-tickets
2026-11-17,"Frost Children / Kuru, Olswel",Union Transfer,https://www.axs.com/events/1587658/frost-children-tickets
2026-11-18,"Frost Children - 2nd Show Added! / Kuru, Olswel",Union Transfer,https://www.axs.com/events/1587668/frost-children-2nd-show-added-tickets
2026-11-19,"Pain of Truth / Madball, Rotting Out, Locked Shut",Union Transfer,https://www.axs.com/events/1537663/pain-of-truth-tickets
2026-11-20,caroline,Underground Arts,https://www.tixr.com/groups/undergroundarts/events/underground-arts-caroline-189132
2026-11-20,"Low Cut Connie / The Flying Vees, The Ben Vaughn Quintet",Union Transfer,https://www.axs.com/events/1414994/low-cut-connie-tickets
2026-11-21,Go Punk Yourself: A Night of Pop-Punk Classics,Underground Arts,https://www.tixr.com/groups/undergroundarts/events/underground-arts-go-punk-yourself-a-night-of-pop-punk-classics-208229
2026-11-21,Stage Clear IV! (VGM Festival),Underground Arts,https://www.tixr.com/groups/undergroundarts/events/underground-arts-stage-clear-iv-vgm-festival--206225
2026-11-21,Julia Jacklin / Jordan Patterson,Union Transfer,https://www.axs.com/events/1468093/julia-jacklin-tickets
2026-11-22,Pixel Rave: The Official Stage Clear! After Party,Underground Arts,https://www.tixr.com/groups/undergroundarts/events/underground-arts-pixel-rave-the-official-stage-clear-after-party-206771
2026-11-23,Yaelokre / Ben Caplan,Union Transfer,https://www.axs.com/events/1489853/yaelokre-tickets
2026-11-26,Nocturne Wednesdays Official Reunion,Underground Arts,https://www.tixr.com/groups/undergroundarts/events/underground-arts-nocturne-wednesdays-official-reunion-200982
2026-11-28,Noah Richardson,Underground Arts,https://www.tixr.com/groups/undergroundarts/events/underground-arts-noah-richardson-203438
2026-11-28,A Philadelphia Tribute to The Last Waltz,Union Transfer,https://www.axs.com/events/1617122/a-philadelphia-tribute-to-the-last-waltz-tickets
2026-11-29,Funksgiving ft. Sam Greenfield + Muscle Tough,Underground Arts,https://www.tixr.com/groups/undergroundarts/events/underground-arts-funksgiving-ft-sam-greenfield-muscle-tough-203949
2026-12-04,Temples,Underground Arts,https://www.tixr.com/groups/undergroundarts/events/underground-arts-temples-185258
2026-12-04,Bonobo,Union Transfer,https://www.axs.com/events/1474820/bonobo-tickets
2026-12-05,Static Dress,Underground Arts,https://www.tixr.com/groups/undergroundarts/events/underground-arts-static-dress-202768
2026-12-05,Venna  (21+ Event),Union Transfer,https://www.axs.com/events/1558295/venna-21-event-tickets
2026-12-06,Ed Bassmaster,Underground Arts,https://www.tixr.com/groups/undergroundarts/events/underground-arts-ed-bassmaster-203150
2026-12-06,Kesha + Rihanna Dance Party,Underground Arts,https://www.tixr.com/groups/undergroundarts/events/underground-arts-kesha-rihanna-dance-party-209097
2026-12-07,Koffin Kats + Voodoo Glow Skulls,Underground Arts,https://www.tixr.com/groups/undergroundarts/events/underground-arts-koffin-kats-voodoo-glow-skulls-203161
2026-12-09,Rhye,Union Transfer,https://www.axs.com/events/1457701/rhye-tickets
2026-12-10,Emma Ruth Rundle,Underground Arts,https://www.tixr.com/groups/undergroundarts/events/underground-arts-emma-ruth-rundle-199732
2026-12-10,Lucy Bedroque / pinponpanpon,Union Transfer,https://www.axs.com/events/1559122/lucy-bedroque-tickets
2026-12-11,Bit Brigade Performs &quot;The Legend of Zelda&quot; + &quot;Castlevania&quot; + &quot;Tetris&quot; LIVE,Underground Arts,https://www.tixr.com/groups/undergroundarts/events/underground-arts-bit-brigade-performs-the-legend-of-zelda-castlevania-tetris-live-207593
2026-12-11,"Heavens Edge / Trixter, Spread Eagle",Union Transfer,https://www.axs.com/events/1559454/heavens-edge-tickets
2026-12-12,Joe Jordan,Underground Arts,https://www.tixr.com/groups/undergroundarts/events/underground-arts-joe-jordan-195373
2026-12-12,"Into It. Over It. / Prawn, TwentyThreeNineteen, Soirée",Union Transfer,https://www.axs.com/events/1557941/into-it-over-it-tickets
2026-12-13,King Buffalo,Underground Arts,https://www.tixr.com/groups/undergroundarts/events/underground-arts-king-buffalo-190650
2026-12-13,"The Bouncing Souls / The Suicide Machines, The Flatliners, The Jack Knives",Union Transfer,https://www.axs.com/events/1526701/the-bouncing-souls-tickets
2026-12-17,DJ Meredith Marks  (21+ Event),Union Transfer,https://www.axs.com/events/1607309/dj-meredith-marks-21-event-tickets
2026-12-18,Creepoid,Underground Arts,https://www.tixr.com/groups/undergroundarts/events/underground-arts-creepoid-209343
2026-12-18,they are gutting a body of water,Union Transfer,https://www.axs.com/events/1454072/they-are-gutting-a-body-of-water-tickets
2026-12-19,Thee Sinseers: Love Stories Tour,Underground Arts,https://www.tixr.com/groups/undergroundarts/events/underground-arts-thee-sinseers-love-stories-tour-201509
2027-01-21,Anna von Hausswolff,Underground Arts,https://www.tixr.com/groups/undergroundarts/events/underground-arts-anna-von-hausswolff-179765
2027-01-24,Dead Pioneers,Underground Arts,https://www.tixr.com/groups/undergroundarts/events/underground-arts-dead-pioneers-205892
2027-02-01,Syd &amp; Olivia Talk S&amp;*T LIVE,Underground Arts,https://www.tixr.com/groups/undergroundarts/events/underground-arts-syd-olivia-talk-s-t-live-205601
2027-02-05,feeble little horse / Snuggle,Union Transfer,https://www.axs.com/events/1455596/feeble-little-horse-tickets
2027-02-13,Dinosaur Jr. / with special guest Starcrawler,Union Transfer,https://www.axs.com/events/1582226/dinosaur-jr-tickets
2027-02-24,strongboi,Underground Arts,https://www.tixr.com/groups/undergroundarts/events/underground-arts-strongboi-191516
2027-02-27,Surfer Girl,Underground Arts,https://www.tixr.com/groups/undergroundarts/events/underground-arts-surfer-girl-208277
2027-02-27,Michael Shannon & Jason Narducy and Friends play R.E.M.’s Document,Union Transfer,https://www.axs.com/events/1632179/michael-shannon-jason-narducy-and-friends-play-rems-document-tickets
2027-03-05,Mei Semones / aron!,Union Transfer,https://www.axs.com/events/1632169/mei-semones-tickets
2027-03-06,Twin Temple,Union Transfer,https://www.axs.com/events/1634123/twin-temple-tickets
2027-03-14,Blondshell,Union Transfer,https://www.axs.com/events/1447996/blondshell-tickets
2027-03-20,Valencia Grace,Underground Arts,https://www.tixr.com/groups/undergroundarts/events/underground-arts-valencia-grace-198300
2027-04-04,Arthur Hill,Underground Arts,https://www.tixr.com/groups/undergroundarts/events/underground-arts-arthur-hill-204950
2027-05-29,HENGE,Underground Arts,https://www.tixr.com/groups/undergroundarts/events/underground-arts-henge-194649
